"Time_Iter","Outer_Iter","Inner_Iter",     "rms[P]"     ,     "rms[U]"     ,     "rms[V]"     ,     "rms[nu]"    
          0,           0,           0,      -4.314090191,      -15.05558391,      -15.81664604,      -9.278435013
          0,           0,           1,      -4.689296364,      -4.149091208,      -4.192512912,      -9.698079064
          0,           0,           2,      -4.850404437,      -4.577733776,      -4.338606986,      -10.30594528
          0,           0,           3,      -5.148863238,      -4.687611661,      -4.328398366,      -10.86786258
          0,           0,           4,      -5.228861667,       -4.82639678,      -4.489805496,      -11.00970248
          0,           0,           5,      -5.291571121,      -4.882603843,      -4.496556286,      -11.09987854
          0,           0,           6,      -5.321107028,       -4.92567781,      -4.503808039,      -11.16131179
          0,           0,           7,      -5.322641266,      -4.952870845,      -4.514177341,      -11.20871813
          0,           0,           8,      -5.311189704,      -4.959194643,      -4.519169766,       -11.2459179
          0,           0,           9,       -5.29250018,      -4.944807422,      -4.516822808,      -11.27531216
          0,           0,          10,      -5.270077648,      -4.912245752,      -4.507192467,      -11.29747728
          0,           0,          11,      -5.246043357,      -4.867592009,      -4.492629832,      -11.31377899
          0,           0,          12,      -5.222189491,      -4.817751869,      -4.476134347,      -11.32576174
          0,           0,          13,      -5.200061948,      -4.767728336,      -4.460057112,      -11.33435789
          0,           0,          14,      -5.180437784,      -4.720719352,      -4.445877081,      -11.34068216
          0,           0,          15,      -5.163415381,      -4.678265059,      -4.434224208,      -11.34503829
          0,           0,          16,      -5.148682157,      -4.640683652,      -4.425050283,      -11.34784381
          0,           0,          17,       -5.13571372,      -4.607642602,      -4.417911539,      -11.34918867
          0,           0,          18,      -5.123763745,       -4.57878726,      -4.412317928,      -11.34883679
          0,           0,          19,      -5.112258236,      -4.553513617,      -4.407754123,      -11.34664635
          0,           0,          20,      -5.100745833,      -4.531366027,       -4.40383004,        -11.342866
          0,           0,          21,      -5.088975813,      -4.511930197,      -4.400279355,      -11.33753889
          0,           0,          22,      -5.076903876,      -4.494812436,      -4.396932139,      -11.33057148
          0,           0,          23,      -5.064565616,      -4.479690726,      -4.393715956,      -11.32217292
          0,           0,          24,      -5.052009721,      -4.466282883,      -4.390634055,      -11.31265429
          0,           0,          25,      -5.039294257,      -4.454317561,      -4.387725158,      -11.30174599
          0,           0,          26,      -5.026289901,      -4.443651309,      -4.385111478,      -11.28967938
          0,           0,          27,      -5.013031699,      -4.434056357,       -4.38285653,      -11.27656228
          0,           0,          28,      -4.999405604,       -4.42541709,      -4.381050365,      -11.26250359
          0,           0,          29,      -4.985326443,      -4.417637234,      -4.379763568,      -11.24768884
          0,           0,          30,      -4.970881509,      -4.410591073,      -4.378978213,      -11.23236476
          0,           0,          31,      -4.956131346,      -4.404186689,      -4.378644093,      -11.21675353
          0,           0,          32,      -4.941158979,      -4.398356004,      -4.378685566,      -11.20105863
          0,           0,          33,      -4.926140494,      -4.393023993,      -4.378974828,      -11.18542533
          0,           0,          34,      -4.911253842,      -4.388107936,      -4.379355817,      -11.16991737
          0,           0,          35,      -4.896623267,      -4.383524808,        -4.3796835,      -11.15453698
          0,           0,          36,      -4.882336205,       -4.37918409,      -4.379836488,      -11.13924173
          0,           0,          37,      -4.868451247,      -4.374975213,      -4.379718722,      -11.12396514
          0,           0,          38,      -4.855004054,      -4.370764839,      -4.379260661,      -11.10863323
          0,           0,          39,      -4.842011297,       -4.36640576,      -4.378421441,      -11.09316599
          0,           0,          40,      -4.829477794,       -4.36175457,      -4.377189111,      -11.07748728
          0,           0,          41,      -4.817402739,      -4.356692419,      -4.375578574,      -11.06157503
          0,           0,          42,      -4.805820866,      -4.351135781,      -4.373603601,      -11.04538647
          0,           0,          43,      -4.794738174,      -4.345051051,      -4.371302813,      -11.02891447
          0,           0,          44,      -4.784182464,      -4.338459593,      -4.368709564,      -11.01213262
          0,           0,          45,      -4.774148204,      -4.331431875,      -4.365871919,      -10.99504609
          0,           0,          46,      -4.764624121,      -4.324074263,      -4.362832751,      -10.97770278
          0,           0,          47,      -4.755621773,      -4.316494994,      -4.359597995,      -10.96021919
          0,           0,          48,      -4.747207562,      -4.308768842,       -4.35610154,      -10.94266068
          0,           0,          49,      -4.739404147,      -4.300954522,      -4.352280988,      -10.92502714
          0,           0,          50,      -4.732157796,      -4.293118058,      -4.348127413,      -10.90731518
          0,           0,          51,      -4.725376399,      -4.285324273,      -4.343668828,      -10.88956142
          0,           0,          52,      -4.718976428,      -4.277616057,      -4.338931053,      -10.87185632
          0,           0,          53,      -4.712869705,      -4.270020923,      -4.333953538,      -10.85412109
          0,           0,          54,      -4.706974275,       -4.26255385,      -4.328781083,      -10.83630524
          0,           0,          55,       -4.70122197,      -4.255219551,      -4.323456067,      -10.81841401
          0,           0,          56,      -4.695560721,      -4.248015773,      -4.318014486,       -10.8004209
          0,           0,          57,      -4.689953486,      -4.240936777,      -4.312484334,      -10.78233664
          0,           0,          58,      -4.684375336,      -4.233976212,      -4.306885788,      -10.76418108
          0,           0,          59,      -4.678809939,      -4.227128875,      -4.301232485,      -10.74595959
          0,           0,          60,      -4.673247679,      -4.220390487,      -4.295532068,      -10.72770855
          0,           0,          61,      -4.667683368,      -4.213757518,      -4.289787487,      -10.70944006
          0,           0,          62,      -4.662112399,      -4.207228904,      -4.284003954,      -10.69126309
          0,           0,          63,      -4.656613683,      -4.200766456,        -4.2780989,      -10.67333408
          0,           0,          64,      -4.651354533,      -4.194287701,      -4.271904219,      -10.65570033
          0,           0,          65,      -4.646442724,      -4.187730412,      -4.265325641,      -10.63839143
          0,           0,          66,      -4.641932034,      -4.181052987,      -4.258317886,      -10.62143437
          0,           0,          67,      -4.637829135,      -4.174236567,      -4.250884137,      -10.60482694
          0,           0,          68,      -4.634104122,      -4.167281282,      -4.243066803,      -10.58853426
          0,           0,          69,      -4.630701091,      -4.160201831,      -4.234936531,      -10.57255488
          0,           0,          70,      -4.627550022,      -4.153021806,      -4.226578292,      -10.55688053
          0,           0,          71,      -4.624575097,      -4.145770071,       -4.21808267,      -10.54153194
          0,           0,          72,      -4.621702135,       -4.13847702,        -4.2095372,      -10.52644473
          0,           0,          73,      -4.618864544,      -4.131171592,       -4.20102008,      -10.51165719
          0,           0,          74,       -4.61600562,      -4.123880449,      -4.192599079,      -10.49719507
          0,           0,          75,      -4.613081802,      -4.116625903,      -4.184327747,      -10.48296184
          0,           0,          76,      -4.610060672,      -4.109427537,       -4.17624991,      -10.46906183
          0,           0,          77,      -4.606922701,      -4.102300465,      -4.168396398,      -10.45543304
          0,           0,          78,      -4.603656623,      -4.095258377,      -4.160792336,       -10.4420569
          0,           0,          79,      -4.600260489,      -4.088312091,      -4.153453992,      -10.42899592
          0,           0,          80,      -4.596738459,      -4.081471616,      -4.146393629,      -10.41617895
          0,           0,          81,      -4.593099515,      -4.074746375,      -4.139620048,      -10.40367239
          0,           0,          82,      -4.589355785,       -4.06814607,      -4.133140524,      -10.39140475
          0,           0,          83,         -4.585523,      -4.061680184,      -4.126959935,       -10.3794089
          0,           0,          84,      -4.581618576,      -4.055358862,      -4.121083551,      -10.36768168
          0,           0,          85,      -4.577663764,      -4.049191218,      -4.115513952,      -10.35618834
          0,           0,          86,      -4.573680283,      -4.043186636,      -4.110255682,      -10.34493764
          0,           0,          87,      -4.569692609,      -4.037352605,      -4.105311456,      -10.33394093
          0,           0,          88,      -4.565726258,      -4.031694714,      -4.100684101,      -10.32316699
          0,           0,          89,       -4.56180975,      -4.026214106,      -4.096372791,       -10.3126658
          0,           0,          90,      -4.557969437,      -4.020908357,      -4.092377412,      -10.30230863
          0,           0,          91,      -4.554230908,      -4.015769283,      -4.088693817,      -10.29228085
          0,           0,          92,      -4.550615764,      -4.010783272,      -4.085314698,      -10.28237652
          0,           0,          93,      -4.547144886,      -4.005928743,      -4.082223311,      -10.27273871
          0,           0,          94,      -4.543831876,      -4.001178401,      -4.079397306,      -10.26332959
          0,           0,          95,      -4.540680842,      -3.996501189,      -4.076807552,      -10.25410197
          0,           0,          96,      -4.537691727,      -3.991862294,      -4.074412782,      -10.24519525
          0,           0,          97,      -4.534858347,      -3.987226432,      -4.072162483,      -10.23643424
          0,           0,          98,      -4.532168365,      -3.982561469,       -4.06999927,      -10.22795031
          0,           0,          99,      -4.529603914,      -3.977842829,      -4.067862913,      -10.21971192
          0,           0,         100,      -4.527145691,       -3.97305609,      -4.065693773,      -10.21164396
          0,           0,         101,      -4.524779711,      -3.968197089,      -4.063435112,      -10.20387942
          0,           0,         102,      -4.522491227,      -3.963276637,      -4.061045646,      -10.19637766
          0,           0,         103,      -4.520265987,      -3.958320382,      -4.058505985,      -10.18904444
          0,           0,         104,      -4.518104377,      -3.953360307,      -4.055809553,      -10.18205714
          0,           0,         105,      -4.516006696,      -3.948438637,      -4.052977975,      -10.17525714
          0,           0,         106,      -4.513974778,      -3.943601418,      -4.050058163,      -10.16864201
          0,           0,         107,      -4.512016293,      -3.938891449,      -4.047111009,      -10.16241796
          0,           0,         108,       -4.51013884,      -3.934346056,      -4.044209509,      -10.15640404
          0,           0,         109,      -4.508346011,      -3.929993961,      -4.041436142,      -10.15059763
          0,           0,         110,      -4.506639603,      -3.925850672,      -4.038869944,      -10.14520013
          0,           0,         111,      -4.505018383,      -3.921917509,      -4.036577908,       -10.1400601
          0,           0,         112,      -4.503475797,      -3.918182396,      -4.034615746,      -10.13514429
          0,           0,         113,      -4.502002744,      -3.914619479,      -4.033019567,      -10.13072646
          0,           0,         114,      -4.500589088,      -3.911191238,      -4.031797647,      -10.12656985
          0,           0,         115,      -4.499221515,      -3.907853156,      -4.030938326,      -10.12262791
          0,           0,         116,      -4.497885408,      -3.904556856,      -4.030407476,      -10.11910963
          0,           0,         117,      -4.496568686,      -3.901253911,      -4.030143971,      -10.11593524
          0,           0,         118,      -4.495260349,      -3.897901275,      -4.030067164,      -10.11306881
          0,           0,         119,      -4.493949045,      -3.894465772,       -4.03008291,      -10.11057422
          0,           0,         120,      -4.492624963,      -3.890927345,      -4.030087025,      -10.10839623
          0,           0,         121,      -4.491285046,      -3.887279402,      -4.029967597,        -10.106537
          0,           0,         122,      -4.489925417,      -3.883533038,      -4.029620484,      -10.10492684
          0,           0,         123,      -4.488542979,      -3.879715062,      -4.028955717,      -10.10355311
          0,           0,         124,      -4.487140185,      -3.875864353,      -4.027901216,      -10.10253664
          0,           0,         125,      -4.485724687,      -3.872028636,      -4.026408943,      -10.10182029
          0,           0,         126,      -4.484303354,      -3.868262082,      -4.024462988,      -10.10127811
          0,           0,         127,      -4.482883056,      -3.864619053,      -4.022079297,      -10.10087875
          0,           0,         128,      -4.481474049,      -3.861147526,      -4.019299007,       -10.1006616
          0,           0,         129,      -4.480085166,      -3.857886555,      -4.016185077,      -10.10066089
          0,           0,         130,      -4.478719128,       -3.85486303,      -4.012817648,      -10.10080632
          0,           0,         131,      -4.477372411,      -3.852087719,      -4.009284682,      -10.10097467
          0,           0,         132,      -4.476036227,      -3.849553352,      -4.005670504,      -10.10131782
          0,           0,         133,      -4.474693893,      -3.847235902,      -4.002049464,      -10.10169452
          0,           0,         134,      -4.473319136,      -3.845095649,      -3.998482468,      -10.10219711
          0,           0,         135,      -4.471877568,      -3.843079093,      -3.995013104,      -10.10263089
          0,           0,         136,      -4.470330216,       -3.84112274,      -3.991664089,      -10.10316256
          0,           0,         137,      -4.468638014,      -3.839158053,      -3.988435948,       -10.1037366
          0,           0,         138,      -4.466763227,      -3.837116749,      -3.985312354,      -10.10429581
          0,           0,         139,      -4.464672136,      -3.834935956,      -3.982265612,      -10.10483468
          0,           0,         140,      -4.462338862,        -3.8325633,      -3.979261086,      -10.10535569
          0,           0,         141,      -4.459754385,      -3.829960386,      -3.976257336,      -10.10603021
          0,           0,         142,       -4.45692468,      -3.827105264,      -3.973215722,      -10.10652253
          0,           0,         143,      -4.453869154,      -3.823993113,      -3.970107657,      -10.10699067
          0,           0,         144,      -4.450618545,      -3.820635293,      -3.966918436,      -10.10744908
          0,           0,         145,      -4.447222598,       -3.81705561,       -3.96364019,      -10.10787741
          0,           0,         146,      -4.443738669,      -3.813286854,      -3.960279637,      -10.10810981
          0,           0,         147,      -4.440224871,      -3.809366234,      -3.956857953,      -10.10824082
          0,           0,         148,      -4.436736309,      -3.805330951,      -3.953405291,      -10.10830514
          0,           0,         149,      -4.433325171,      -3.801213708,      -3.949951635,      -10.10825756
          0,           0,         150,      -4.430031322,      -3.797039925,      -3.946526501,      -10.10804102
          0,           0,         151,      -4.426878894,      -3.792826178,      -3.943153408,      -10.10768056
          0,           0,         152,       -4.42387073,      -3.788580719,      -3.939847731,      -10.10718353
          0,           0,         153,      -4.420992507,      -3.784304163,      -3.936609355,      -10.10650298
          0,           0,         154,      -4.418219944,      -3.779990842,      -3.933417916,      -10.10561061
          0,           0,         155,      -4.415510864,      -3.775633589,      -3.930242633,      -10.10462524
          0,           0,         156,      -4.412814396,      -3.771227232,      -3.927041622,       -10.1033525
          0,           0,         157,      -4.410077031,      -3.766772106,      -3.923768046,      -10.10186447
          0,           0,         158,      -4.407263847,      -3.762273828,      -3.920365837,      -10.10019102
          0,           0,         159,      -4.404346906,      -3.757748553,      -3.916792628,      -10.09833741
          0,           0,         160,      -4.401320334,      -3.753221627,      -3.913018976,      -10.09613418
          0,           0,         161,      -4.398195863,      -3.748728067,      -3.909043241,      -10.09365407
          0,           0,         162,      -4.395018441,      -3.744306416,      -3.904880917,      -10.09106754
          0,           0,         163,      -4.391854326,      -3.739998068,      -3.900572906,      -10.08799372
          0,           0,         164,      -4.388779917,      -3.735844693,      -3.896189994,      -10.08461387
          0,           0,         165,      -4.385880377,      -3.731883139,      -3.891821095,      -10.08101717
          0,           0,         166,      -4.383241082,      -3.728142079,      -3.887569251,      -10.07720436
          0,           0,         167,      -4.380943719,      -3.724638769,      -3.883530709,       -10.0729148
          0,           0,         168,      -4.379049355,      -3.721380444,      -3.879803443,      -10.06845541
          0,           0,         169,      -4.377597564,      -3.718362662,      -3.876469663,      -10.06381676
          0,           0,         170,      -4.376602525,      -3.715571153,      -3.873595161,      -10.05888796
          0,           0,         171,      -4.376055298,       -3.71298295,      -3.871217945,      -10.05367048
          0,           0,         172,      -4.375923115,      -3.710569358,      -3.869348374,      -10.04841594
          0,           0,         173,      -4.376150801,      -3.708299816,      -3.867973649,      -10.04295891
          0,           0,         174,      -4.376666452,       -3.70614556,      -3.867059023,      -10.03732821
          0,           0,         175,      -4.377388882,      -3.704082168,      -3.866551254,      -10.03163181
          0,           0,         176,       -4.37823147,      -3.702093972,      -3.866387024,      -10.02584992
          0,           0,         177,       -4.37911623,      -3.700172063,      -3.866494275,      -10.01999291
          0,           0,         178,        -4.3799736,      -3.698316993,      -3.866804257,       -10.0140238
          0,           0,         179,      -4.380748037,      -3.696537544,      -3.867256981,      -10.00805066
          0,           0,         180,        -4.3813931,      -3.694852713,      -3.867812206,      -10.00202033
          0,           0,         181,       -4.38188454,      -3.693284341,      -3.868442658,      -9.995974851
          0,           0,         182,      -4.382202759,      -3.691859944,      -3.869148741,      -9.989854526
          0,           0,         183,      -4.382341615,      -3.690605758,      -3.869946082,      -9.983764404
          0,           0,         184,      -4.382299972,      -3.689545465,      -3.870866377,      -9.977710588
          0,           0,         185,      -4.382078651,      -3.688697251,       -3.87195116,       -9.97164301
          0,           0,         186,      -4.381679991,      -3.688070732,      -3.873240584,      -9.965618503
          0,           0,         187,      -4.381097554,      -3.687667963,      -3.874780302,      -9.959754173
          0,           0,         188,      -4.380325037,      -3.687480394,      -3.876601941,      -9.954036678
          0,           0,         189,      -4.379358425,      -3.687488288,      -3.878715641,      -9.948380963
          0,           0,         190,      -4.378192972,      -3.687662273,      -3.881116047,      -9.942884604
          0,           0,         191,       -4.37682667,      -3.687965401,      -3.883781269,      -9.937639511
          0,           0,         192,      -4.375275882,      -3.688352251,      -3.886643858,      -9.932527773
          0,           0,         193,      -4.373565005,      -3.688773866,      -3.889622568,      -9.927581092
          0,           0,         194,       -4.37173061,       -3.68918029,      -3.892615204,      -9.922910871
          0,           0,         195,      -4.369821619,      -3.689524946,      -3.895505281,      -9.918509613
          0,           0,         196,      -4.367900314,      -3.689767687,      -3.898164076,       -9.91422021
          0,           0,         197,      -4.366041411,      -3.689877073,      -3.900454736,      -9.910230458
          0,           0,         198,      -4.364322418,      -3.689834579,      -3.902256346,      -9.906557015
          0,           0,         199,      -4.362821861,      -3.689635892,      -3.903466458,      -9.903154842
          0,           0,         200,      -4.361615942,      -3.689291947,      -3.904009227,      -9.899957165
          0,           0,         201,      -4.360775255,      -3.688828402,      -3.903841612,      -9.897071656
          0,           0,         202,      -4.360362117,      -3.688283908,      -3.902956612,      -9.894513413
          0,           0,         203,      -4.360428712,      -3.687707451,      -3.901383304,      -9.892127827
          0,           0,         204,      -4.361016089,      -3.687155194,      -3.899184436,      -9.889982325
          0,           0,         205,      -4.362155086,       -3.68668574,      -3.896447244,      -9.888145227
          0,           0,         206,      -4.363864411,      -3.686357357,      -3.893280281,      -9.886603777
          0,           0,         207,      -4.366149815,      -3.686225072,      -3.889807484,      -9.885242306
          0,           0,         208,      -4.369004805,      -3.686337219,      -3.886159565,      -9.884164439
          0,           0,         209,      -4.372410413,      -3.686733385,      -3.882468545,      -9.883412364
          0,           0,         210,      -4.376334406,      -3.687442761,      -3.878863701,      -9.882680554
          0,           0,         211,      -4.380730104,      -3.688483137,      -3.875468734,      -9.882071732
          0,           0,         212,      -4.385536289,      -3.689860591,      -3.872398573,      -9.881757739
          0,           0,         213,       -4.39067429,      -3.691568416,       -3.86975981,      -9.881630483
          0,           0,         214,      -4.396046386,      -3.693590473,       -3.86764877,      -9.881464917
          0,           0,         215,      -4.401534558,      -3.695900279,      -3.866152242,      -9.881280275
          0,           0,         216,      -4.407001127,      -3.698462677,      -3.865346302,      -9.881074529
          0,           0,         217,      -4.412290914,       -3.70123546,       -3.86529429,       -9.88069415
          0,           0,         218,      -4.417236889,      -3.704170665,      -3.866044599,      -9.880214847
          0,           0,         219,      -4.421663437,      -3.707216104,      -3.867628956,      -9.879635682
          0,           0,         220,      -4.425418329,      -3.710316837,      -3.870052179,      -9.878889073
          0,           0,         221,      -4.428368543,      -3.713418024,      -3.873287942,      -9.877844181
          0,           0,         222,      -4.430410352,      -3.716461531,      -3.877287903,      -9.876567387
          0,           0,         223,      -4.431484075,      -3.719390245,      -3.881974014,      -9.875026024
          0,           0,         224,      -4.431583926,      -3.722150921,      -3.887230585,      -9.873170526
          0,           0,         225,      -4.430762498,      -3.724695546,      -3.892900503,      -9.870911092
          0,           0,         226,      -4.429129541,      -3.726982416,      -3.898785869,      -9.868357433
          0,           0,         227,      -4.426844364,       -3.72897718,      -3.904653458,      -9.865361286
          0,           0,         228,      -4.424107209,      -3.730654554,      -3.910241957,      -9.862007677
          0,           0,         229,       -4.42114234,      -3.731999257,      -3.915278799,      -9.858301396
          0,           0,         230,      -4.418183793,      -3.733007209,      -3.919501196,      -9.854309927
          0,           0,         231,      -4.415462394,      -3.733686721,      -3.922680855,      -9.850047537
          0,           0,         232,      -4.413194875,      -3.734059256,      -3.924649486,      -9.845385296
          0,           0,         233,      -4.411575678,      -3.734159596,      -3.925320498,      -9.840407081
          0,           0,         234,      -4.410771328,      -3.734035386,      -3.924702061,      -9.835197563
          0,           0,         235,      -4.410916907,      -3.733746054,      -3.922898297,      -9.829808352
          0,           0,         236,      -4.412114035,      -3.733360982,      -3.920098148,      -9.824273524
          0,           0,         237,      -4.414430381,      -3.732956782,      -3.916553688,      -9.818559862
          0,           0,         238,      -4.417898947,       -3.73261591,      -3.912555675,      -9.812790225
          0,           0,         239,      -4.422515029,      -3.732422983,      -3.908407978,      -9.806986227
          0,           0,         240,       -4.42823612,       -3.73246164,      -3.904405201,      -9.801185054
          0,           0,         241,       -4.43498067,      -3.732811724,      -3.900815328,      -9.795420953
          0,           0,         242,      -4.442626697,      -3.733546509,      -3.897868077,      -9.789735232
          0,           0,         243,      -4.451010906,      -3.734730075,      -3.895748469,       -9.78411543
          0,           0,         244,      -4.459929309,      -3.736414888,      -3.894593976,      -9.778660784
          0,           0,         245,      -4.469141189,      -3.738639282,      -3.894492839,      -9.773358369
          0,           0,         246,      -4.478372496,      -3.741427155,      -3.895490751,      -9.768377916
          0,           0,         247,       -4.48733011,      -3.744785427,      -3.897585972,       -9.76357739
          0,           0,         248,      -4.495716899,      -3.748702821,      -3.900735255,       -9.75911973
          0,           0,         249,      -4.503253159,      -3.753149115,      -3.904855884,      -9.754923043
          0,           0,         250,      -4.509700365,      -3.758074695,      -3.909828012,       -9.75116351
          0,           0,         251,      -4.514885082,       -3.76341103,      -3.915498477,      -9.747700371
          0,           0,         252,      -4.518721058,      -3.769071443,      -3.921683535,      -9.744585771
          0,           0,         253,      -4.521215979,      -3.774951818,      -3.928176779,       -9.74182508
          0,           0,         254,      -4.522465764,      -3.780934117,      -3.934762161,      -9.739530421
          0,           0,         255,      -4.522652178,      -3.786891168,      -3.941218758,      -9.737681888
          0,           0,         256,      -4.522017638,      -3.792690166,      -3.947336948,      -9.736122451
          0,           0,         257,      -4.520834045,      -3.798199922,      -3.952938883,      -9.734939141
          0,           0,         258,       -4.51938951,      -3.803298876,      -3.957883538,      -9.734187604
          0,           0,         259,      -4.517960351,      -3.807881373,      -3.962084799,      -9.733703815
          0,           0,         260,      -4.516795012,      -3.811865667,       -3.96551845,      -9.733547802
          0,           0,         261,      -4.516104915,       -3.81519995,      -3.968221888,      -9.733734323
          0,           0,         262,       -4.51605932,      -3.817865925,       -3.97028842,      -9.734202519
          0,           0,         263,      -4.516783344,      -3.819879658,      -3.971856729,      -9.734762382
          0,           0,         264,      -4.518357344,      -3.821289763,      -3.973097735,      -9.735444689
          0,           0,         265,       -4.52082185,      -3.822172322,      -3.974196074,      -9.736177597
          0,           0,         266,      -4.524174407,      -3.822625031,      -3.975342244,      -9.737068064
          0,           0,         267,         -4.528375,        -3.8227595,      -3.976716091,      -9.737876829
          0,           0,         268,      -4.533345876,      -3.822694196,       -3.97848095,      -9.738631256
          0,           0,         269,      -4.538975141,      -3.822547452,      -3.980775633,      -9.739541121
          0,           0,         270,      -4.545120866,      -3.822431412,      -3.983709986,      -9.740703926
          0,           0,         271,      -4.551616147,      -3.822447295,      -3.987362672,      -9.741915617
          0,           0,         272,      -4.558275842,      -3.822682042,      -3.991780105,      -9.743182277
          0,           0,         273,       -4.56490539,      -3.823206228,      -3.996976034,      -9.744485043
          0,           0,         274,      -4.571311706,      -3.824073076,      -4.002931491,      -9.745980145
          0,           0,         275,      -4.577315638,      -3.825318337,      -4.009595007,       -9.74741934
          0,           0,         276,       -4.58276536,      -3.826960725,      -4.016882942,      -9.748772632
          0,           0,         277,      -4.587549078,      -3.829002799,      -4.024679778,      -9.750017517
          0,           0,         278,      -4.591602282,       -3.83143305,      -4.032841029,      -9.751144298
          0,           0,         279,      -4.594914435,       -3.83422723,      -4.041195369,      -9.752111664
          0,           0,         280,      -4.597529252,      -3.837350358,       -4.04954973,      -9.752905704
          0,           0,         281,      -4.599539766,      -3.840758907,      -4.057696689,      -9.753543533
          0,           0,         282,      -4.601079273,      -3.844403159,        -4.0654244,      -9.754005048
          0,           0,         283,      -4.602309686,      -3.848229669,      -4.072529001,      -9.754329527
          0,           0,         284,      -4.603408983,      -3.852183756,      -4.078828832,      -9.754448249
          0,           0,         285,      -4.604559237,      -3.856211965,      -4.084179022,      -9.754330808
          0,           0,         286,      -4.605936239,      -3.860264432,      -4.088484732,      -9.753982865
          0,           0,         287,       -4.60770203,      -3.864296814,      -4.091709872,      -9.753415833
          0,           0,         288,      -4.609999111,      -3.868271907,      -4.093880571,      -9.752640657
          0,           0,         289,      -4.612945004,      -3.872161469,      -4.095085365,      -9.751685728
          0,           0,         290,      -4.616630779,      -3.875946616,      -4.095467084,      -9.750573523
          0,           0,         291,       -4.62111988,      -3.879617986,      -4.095211204,      -9.749337364
          0,           0,         292,      -4.626447515,      -3.883175309,      -4.094531926,      -9.747993137
          0,           0,         293,      -4.632620369,      -3.886626415,        -4.0936581,      -9.746544001
          0,           0,         294,      -4.639616425,      -3.889985787,      -4.092820722,      -9.745006445
          0,           0,         295,      -4.647384816,       -3.89327274,      -4.092242946,      -9.743446799
          0,           0,         296,       -4.65584576,      -3.896509405,      -4.092132936,      -9.741813536
          0,           0,         297,      -4.664890773,      -3.899718628,      -4.092679358,      -9.740160643
          0,           0,         298,       -4.67438352,      -3.902921927,      -4.094049028,      -9.738475609
          0,           0,         299,      -4.684161738,      -3.906137618,      -4.096386124,      -9.736769377
          0,           0,         300,      -4.694040785,      -3.909379182,      -4.099812351,      -9.734963041
          0,           0,         301,      -4.703819324,      -3.912653965,      -4.104427524,      -9.733068203
          0,           0,         302,       -4.71328752,      -3.915962224,      -4.110310123,      -9.731077156
          0,           0,         303,      -4.722237779,      -3.919296585,      -4.117517463,      -9.728967477
          0,           0,         304,      -4.730477578,      -3.922641901,       -4.12608516,      -9.726709499
          0,           0,         305,      -4.737843279,      -3.925975545,      -4.136025634,      -9.724274907
          0,           0,         306,      -4.744213289,      -3.929268125,      -4.147325417,       -9.72161358
          0,           0,         307,      -4.749518645,      -3.932484609,      -4.159941027,      -9.718697632
          0,           0,         308,       -4.75374922,      -3.935585841,      -4.173793265,      -9.715412924
          0,           0,         309,      -4.756954473,      -3.938530397,      -4.188759861,       -9.71183067
          0,           0,         310,      -4.759237663,      -3.941276734,      -4.204667366,      -9.707863217
          0,           0,         311,       -4.76074934,      -3.943785349,      -4.221279963,       -9.70354142
          0,           0,         312,      -4.761672636,      -3.946021168,      -4.238291125,      -9.698834121
          0,           0,         313,      -4.762209544,        -3.9479557,      -4.255318289,      -9.693730158
          0,           0,         314,      -4.762568745,      -3.949568967,      -4.271903636,      -9.688237697
          0,           0,         315,      -4.762954902,      -3.950851053,      -4.287526498,      -9.682397544
          0,           0,         316,      -4.763560509,      -3.951803055,      -4.301631969,      -9.676221168
          0,           0,         317,      -4.764560395,      -3.952437415,      -4.313677765,       -9.66969745
          0,           0,         318,      -4.766108524,      -3.952777598,      -4.323195786,      -9.662888447
          0,           0,         319,      -4.768336611,      -3.952857168,      -4.329857423,      -9.655846136
          0,           0,         320,        -4.7713538,      -3.952718321,      -4.333525975,      -9.648573593
          0,           0,         321,      -4.775247977,       -3.95241005,      -4.334278936,      -9.641155301
          0,           0,         322,      -4.780086147,       -3.95198613,      -4.332394333,      -9.633690767
          0,           0,         323,      -4.785915012,       -3.95150296,      -4.328304785,      -9.626196392
          0,           0,         324,      -4.792762246,      -3.951017261,      -4.322533126,      -9.618730823
          0,           0,         325,      -4.800637401,      -3.950584194,      -4.315628661,      -9.611366714
          0,           0,         326,      -4.809530411,      -3.950255805,      -4.308117493,      -9.604178301
          0,           0,         327,      -4.819411724,       -3.95007929,      -4.300468781,      -9.597145205
          0,           0,         328,      -4.830230355,      -3.950096008,      -4.293080275,      -9.590292787
          0,           0,         329,       -4.84191275,      -3.950340469,      -4.286274006,      -9.583748856
          0,           0,         330,      -4.854361068,      -3.950839607,      -4.280301369,       -9.57742546
          0,           0,         331,      -4.867451285,      -3.951612338,      -4.275351805,       -9.57153226
          0,           0,         332,      -4.881031592,      -3.952669345,      -4.271562761,      -9.566010532
          0,           0,         333,      -4.894921592,      -3.954013045,      -4.269029259,       -9.56086504
          0,           0,         334,      -4.908912975,      -3.955637734,      -4.267812209,        -9.5561794
          0,           0,         335,      -4.922772475,       -3.95752991,      -4.267945169,      -9.551926444
          0,           0,         336,      -4.936247897,      -3.959668733,      -4.269439552,       -9.54818206
          0,           0,         337,      -4.949077815,      -3.962026659,       -4.27228842,      -9.544988192
          0,           0,         338,      -4.961005021,      -3.964570215,      -4.276469029,      -9.542157036
          0,           0,         339,      -4.971793056,      -3.967260944,      -4.281944317,      -9.539882083
          0,           0,         340,      -4.981244131,      -3.970056491,      -4.288663481,      -9.538059513
          0,           0,         341,      -4.989215926,      -3.972911835,      -4.296561778,      -9.536830685
          0,           0,         342,      -4.995634341,      -3.975780638,      -4.305559694,      -9.536087901
          0,           0,         343,      -5.000499695,      -3.978616677,      -4.315561582,      -9.535801379
          0,           0,         344,      -5.003885073,       -3.98137531,       -4.32645394,      -9.536088281
          0,           0,         345,      -5.005927153,      -3.984014913,       -4.33810353,      -9.536674236
          0,           0,         346,      -5.006810384,      -3.986498204,      -4.350355869,      -9.537916844
          0,           0,         347,      -5.006752325,      -3.988793485,      -4.363033668,        -9.5393518
          0,           0,         348,      -5.005983942,      -3.990875441,      -4.375935968,      -9.541166918
          0,           0,         349,      -5.004734045,      -3.992725836,       -4.38883983,       -9.54343115
          0,           0,         350,      -5.003217644,      -3.994333828,      -4.401503932,      -9.546025286
          0,           0,         351,       -5.00162801,      -3.995695917,      -4.413674782,      -9.548884675
